code,image,command
Runners-4358671,image-4358671,command-4358671
Runners-1789300,image-1789300,command-1789300
Runners-1789301,image-1789301,command-1789301
Runners-1789302,image-1789302,command-1789302
Runners-1789303,image-1789303,command-1789303
Runners-1789304,image-1789304,command-1789304
Runners-1789305,image-1789305,command-1789305
Runners-1789306,image-1789306,command-1789306
Runners-1789307,image-1789307,command-1789307
Runners-1789308,image-1789308,command-1789308
Runners-1789309,image-1789309,command-1789309
Runners-1789310,image-1789310,command-1789310
Runners-1789311,image-1789311,command-1789311
Runners-1789312,image-1789312,command-1789312
Runners-1789313,image-1789313,command-1789313
Runners-1789314,image-1789314,command-1789314
Runners-1789315,image-1789315,command-1789315
Runners-1789316,image-1789316,command-1789316
Runners-1789317,image-1789317,command-1789317
Runners-1789318,image-1789318,command-1789318
Runners-1789319,image-1789319,command-1789319
Runners-1789320,image-1789320,command-1789320
Runners-1789321,image-1789321,command-1789321
Runners-1789322,image-1789322,command-1789322
Runners-1789323,image-1789323,command-1789323
Runners-1789324,image-1789324,command-1789324
Runners-1789325,image-1789325,command-1789325
Runners-1789326,image-1789326,command-1789326
Runners-1789327,image-1789327,command-1789327
Runners-1789328,image-1789328,command-1789328
Runners-1789329,image-1789329,command-1789329
Runners-1789330,image-1789330,command-1789330
Runners-1789331,image-1789331,command-1789331
Runners-1789332,image-1789332,command-1789332
Runners-1789333,image-1789333,command-1789333
Runners-1789334,image-1789334,command-1789334
Runners-1789335,image-1789335,command-1789335
Runners-1789336,image-1789336,command-1789336
Runners-1789337,image-1789337,command-1789337
Runners-1789338,image-1789338,command-1789338
Runners-1789339,image-1789339,command-1789339
Runners-1789340,image-1789340,command-1789340
Runners-1789341,image-1789341,command-1789341
Runners-1789342,image-1789342,command-1789342
Runners-1789343,image-1789343,command-1789343
Runners-1789344,image-1789344,command-1789344
Runners-1789345,image-1789345,command-1789345
Runners-1789346,image-1789346,command-1789346
Runners-1789347,image-1789347,command-1789347
Runners-1789348,image-1789348,command-1789348
Runners-1789349,image-1789349,command-1789349
Runners-1789350,image-1789350,command-1789350
Runners-1789351,image-1789351,command-1789351
Runners-1789352,image-1789352,command-1789352
Runners-1789353,image-1789353,command-1789353
Runners-1789354,image-1789354,command-1789354
Runners-1789355,image-1789355,command-1789355
Runners-1789356,image-1789356,command-1789356
Runners-1789357,image-1789357,command-1789357
Runners-1789358,image-1789358,command-1789358
Runners-1789359,image-1789359,command-1789359
Runners-1789360,image-1789360,command-1789360
Runners-1789361,image-1789361,command-1789361
Runners-1789362,image-1789362,command-1789362
Runners-1789363,image-1789363,command-1789363
Runners-1789364,image-1789364,command-1789364
Runners-1789365,image-1789365,command-1789365
Runners-1789366,image-1789366,command-1789366
Runners-1789367,image-1789367,command-1789367
Runners-1789368,image-1789368,command-1789368
Runners-1789369,image-1789369,command-1789369
Runners-1789370,image-1789370,command-1789370
Runners-1789371,image-1789371,command-1789371
Runners-1789372,image-1789372,command-1789372
Runners-1789373,image-1789373,command-1789373
Runners-1789374,image-1789374,command-1789374
Runners-1789375,image-1789375,command-1789375
Runners-1789376,image-1789376,command-1789376
Runners-1789377,image-1789377,command-1789377
Runners-1789378,image-1789378,command-1789378
Runners-1789379,image-1789379,command-1789379
Runners-1789380,image-1789380,command-1789380
Runners-1789381,image-1789381,command-1789381
Runners-1789382,image-1789382,command-1789382
Runners-1789383,image-1789383,command-1789383
Runners-1789384,image-1789384,command-1789384
Runners-1789385,image-1789385,command-1789385
Runners-1789386,image-1789386,command-1789386
Runners-1789387,image-1789387,command-1789387
Runners-1789388,image-1789388,command-1789388
Runners-1789389,image-1789389,command-1789389
Runners-1789390,image-1789390,command-1789390
Runners-1789391,image-1789391,command-1789391
Runners-1789392,image-1789392,command-1789392
Runners-1789393,image-1789393,command-1789393
Runners-1789394,image-1789394,command-1789394
Runners-1789395,image-1789395,command-1789395
Runners-1789396,image-1789396,command-1789396
Runners-1789397,image-1789397,command-1789397
Runners-1789398,image-1789398,command-1789398